productName,universalProductCode,product_code
Talbots $25 Gift Card,07675004376,NUWXKDXAIR
Talbots $50 Gift Card,07675004377,TGTF89RWL2
TJ Maxx White $25 Gift Card,07675004640,LSI4M7ZLHO
TJ Maxx Red $50 Gift Card,07675004641,LLD9723PXG
Aeropostale Traditional Red Gift Card,07675005058,QLKO7O9827
Applebee's Customizable Gift Card,07675005060,DVNHD4SG89
Bass Pro Customizable Gift Card,07675005062,BUWXAOGAST
Bed Bath & Beyond Blue Ribbon Gift Card,07675005064,4YIFS8ARYQ
Champs Sports Gift Card,07675005070,Q69Q543SQR
Claire's Customizable Gift Card,07675005071,1NDIZCD2W5
El Pollo Loco Gift Card,07675005072,5LAZZYD80N
Foot Locker Stripe Gift Card,07675005074,VLLNPHY13Z
Lands' End Gift Card,07675005079,FWWZ1WBNI8
Omaha Steaks Gift Card,07675005082,N8JMTO97FS
Outback Steakhouse Gift Card,07675005083,7VKR34E12R
Pappas Restaurants Gift Card,07675005084,Q197OAAN11
Red Robin Happy Birthday Gift Card,07675005088,BMGTNMX7GZ
Regal Entertainment Group Gift Card,07675005089,A03FTPCIIW
Regis Salon Gift Card,07675005090,KN42LQY9M1
Ruby Tuesday Traditional $25 Gift Card,07675005091,O3AOAXNUDX
TGI Fridays Gift Card,07675005098,2VDX4AG0U6
Home Depot® Welcome Gift Card,07675005101,RSA1D68HVM
Cabela's Mountain Gift Card,07675005114,39WKSA3BJH
Lane Bryant Gift Card,07675005128,YGH9FXULSB
Build A Bear Bucks Gift Card,07675005145,E0SWD5ZKBV
Uno's Customizable Gift Card,07675005146,5UWHSJ3E96
Cold Stone Peanut Buttercup Gift Card,07675005179,BSH654F814
Cracker Barrel $25 Gift Card,07675005183,B6NGXHLD9V
AMC Gift Card,07675005186,84Z7HB587R
Ruby Tuesday Traditional Gift Card,07675005216,GZSUWCDE2R
Cracker Barrel $50 Gift Card,07675005225,502IX2JL4F
Buy Buy BABY Gift Card,07675005246,UAE3A6KBNB
Jack in the Box Blue Sky Jack Ca$h Card,07675005282,XKC77JS9HZ
Justice Gift Card,07675005284,W3J5TU0BWM
Sunglass Hut Silver Gift Card,07675005297,OAHKKDD6J8
Bonefish Grill Black Gift Card,07675005900,J7O2VVT7X6
Carrabba's Gift Card,07675005901,4J5U74JEZF
Jiffy Lube Everyday Gift Card,07675006041,PB1LD9DO8P
Rocky Mountain Chocolate Factory Gift Card,07675006056,NEA4ET5XC3
Raider Image 50th Season Celebration Gift Card,07675006098,JEBU0I2MSK
Starbucks Gift Card,07675006121,8EHS2V3P7G
The Container Store Gift Card,07675006131,AECOA3T6RT
Barnes & Noble Gift Card,07675006146,W0H09H0BGA
Boscov's Multi Stripe Gift Card,07675006225,PWK8HNUFVQ
Legal Sea Foods Customizable Gift Card,07675006261,JGA8EIBCCA
Bass  Pro Shops® eGift,07675006325,W18SKNI0H6
Uno's Chicago Grill eGift,07675006326,JIYF89LUAM
Home Depot® Crate Bow eGift,07675006328,XSM9NPB16M
BJ's Restaurants Gift Card,07675006352,X3ZOUOU0PP
Applebee's  Digital Gift eGift,07675006360,YMBOSSR5FJ
Land's End  Text eGift,07675006364,E750A52YIQ
Sephora eGift,07675006384,GPYJCQLKW7
Build-A-Bear eGift,07675006391,PRA4ZD4PHC
Williams Sonoma eGift,07675006394,D4KV7XV3JU
Pottery Barn e-Gift,07675006395,PPPVBSOVUI
Pottery Barn Kids e-Gift,07675006396,JJMPLPJ0AP
west elm eGift,07675006398,6E8BNFG6BY
Justice eGift Card,07675006482,Y8OWWLZ07J
Claire's Purple Fabulous eGift,07675006508,KQWZXG850G
Sunglass Hut eGift,07675006512,MQWEVTD1RJ
Legal  Sea Foods eGift,07675006537,UIZEFK914O
GameStop Gift Card,07675006748,O8FOYU2DKA
Buca di Beppo Gift Card,07675006802,RSNBJRMGAC
Regal eGift,07675008221,Y2NCZMQBAO
Finish Line Gift Card,07675008224,E2DDB2Y2GR
Aquarium Restaurants Gift Card,07675008274,3U4QHRZ0Y8
Babin's Seafood House Gift Card,07675008275,65CQNJRYIH
Brenner's Steakhouse Gift Card,07675008276,0L07L40ESP
Landry's Multibranded Gift Card,07675008277,0QHEDA4WA0
Golden Nugget Hotel and Casino Gift Card,07675008278,PYNYAAD337
Grotto / La Griglia Gift Card,07675008279,43FP9LOJXV
Kemah Boardwalk Gift Card,07675008280,Q7E3KDJN2G
Landry's Multibranded Gift Card,07675008282,RP1MWSKC1H
Peohe's Gift Card,07675008285,7CLDINVXBE
Rainforest Cafe Gift Card,07675008287,ZY49LRSHCF
Saltgrass Steak House Gift Card,07675008288,7N15HZ70UM
Simm's Steakhouse Gift Card,07675008289,BQLLAF7G20
Vic & Anthony's Steakhouse Gift Card,07675008292,UJ664EESXT
Willie G's Seafood & Steakhouse Gift Card,07675008293,8WDILBOJX0
Brinker eGift,07675008490,AGSBZFT34M
Chili's eGift,07675008491,FP4B687KX9
On the Border Multi Brand eGift,07675008492,4F6KYPAR4M
Maggiano's eGift,07675008494,ZODVZ03GXA
Petsmart Gift Card,07675008516,Y7S3RFCNMY
Fleming's Cork On Fork Gift Card,07675008519,JGDR73160A
The Container Store eGift,07675008547,5YURSKRIAQ
Forever 21  Inc.  Stripe eGift,07675008598,573W0QUGGD
Express $25 Gift Card,07675008631,GXR96UR0PL
Express $50 Gift Card,07675008632,WBN3WOK0VP
Buca di Beppo   LOGO FRAME eGift,07675008658,FDIVTJLOJ4
Boscov's  Bubbles eGift,07675008676,NBVZYI6ZDO
Omaha Steaks  eGift,07675008714,6DJGEFCQO7
Lane Bryant eGift,07675008763,XVUZB8SJC4
Aeropostale  Black eGift,07675008780,K4IB67AOWW
DSW Gift Card,07675008839,KE8Y4P8PT1
DSW eGift,07675008840,0K5KH0OJ4K
GameStop eGift,07675008894,WXA6QG1OVF
Nordstrom Gift Card,07675008902,OGZSXZDVZ7
Lady Foot Locker Carbon Footprint eGift,07675008910,CGPRA3QPYV
Foot Locker It's a Sneaker Thing eGift,07675008911,YKS3WHQBMN
Kids Foot Locker $25 eGift,07675008912,8U3HQCYYVE
Champs Sports  Running  eGift,07675008913,HH5XGVJLES
Kohl's Gift Card,07675008929,FGDAIOPGSR
Sephora Gift Card,07675008930,N1O2818CP7
California Pizza Kitchen Gift Card,07675009632,E8DC1KFOB5
Saltgrass Steakhouse eGift,07675009642,MWBUHWF88Z
Chart House eGift,07675009643,Q0OXONOKT9
Golden Nugget eGift,07675009644,MY66LMNJNI
Landry's Multibranded  eGift,07675009645,LFPUGAYGJA
Rainforest Cafe eGift,07675009648,J0KWE23HRJ
Lucille's Smokehouse Bar-B-Q Gift Card,07675009719,E2IJ9Y0RZL
Lucille's Smokehouse Bar-B-Q eGift,07675009720,HCRSUT8CJH
SUBWAY®  GIFT CARD,07675009821,Y50OAOZXTZ
SUBWAY® VEGGIE SKETCH GIFT CARD,07675009822,QNSEHHMQYI
Lowe's Gift Card,07675009902,2VL8UKQCZ1
Lowe's eGift,07675009903,10F4OO34LV
Dave & Buster's®  eGift,07675009995,78SFMR0GV8
O'Charley's eGift,07675010057,4KXG0R5TJA
Ninety Nine Restaurants eGift,07675010058,
The Cheesecake Factory eGift,07675010065,9GLEIR7YID
O'Charley's Gift Card,07675010132,G059L5R6C1
Ninety Nine Standard Gift Card,07675010133,
Texas Roadhouse Customizable Gift Card,07675010200,P6BIN0WTQ9
Texas Roadhouse Ribbon eGift,07675010201,QK627DJ0XH
Babin's Seafood House eGift,07675010209,4UD9AB8HKW
Brenner's Steak House eGift,07675010210,4F8GFER4QS
Grotto / La Griglia eGift,07675010211,I3X6JIP7M6
Simm's Steakhouse eGift,07675010213,TYJC32PU6K
Willie G's Seafood & Steakhouse eGift,07675010214,5L98T9ANBM
PF Changs eGift,07675010244,SWCC5RDK6O
Cold Stone eGift,07675010245,031Q5E9AVJ
Peohe's eGift,07675010254,SV8OS8L77P
American Eagle Outfitters Gift Card,07675010296,N6QN0A0PJI
American Eagle Outfitters  eGift,07675010298,BEFCA0T95J
BJ's Restaurant & Brewhouse,07675010343,MIVXVPJBRZ
Roosters Standard $25 Gift Card,07675010347,OV4FQINNMQ
rue21 $25 Gift Card,07675010351,8JF831H7OI
rue21 $50 Gift Card,07675010352,CFE71ROJLM
Steak 'n Shake Pole Sign Gift Card,07675010362,QP43EK6APK
Jr's  Last Laugh Gift Card,07675010368,04FMN1RG0D
Staples  MMH eGift,07675010388,FVQ8M9Q7P3
Belk eGift,07675010403,07WT1TTX8C
Staples Easy Button Gift Card,07675010404,NS7MOLY1KO
Buona Gift Card,07675010506,GIO5FBXG73
California Pizza Kitchen  eGift,07675010508,7RZ9LNS7G9
Buckhead / Rocky's Gift Card,07675010562,CVJLC6MOW1
Southwest Airlines eGift,07675010565,KRLQI00YFY
Brann's $25 Gift Card,07675010566,DL8Z1MITNU
Branns Sizzling Steaks & Sports Grill $25 eGift,07675010567,5WRKFIJNDN
Joe's Crab Shack Gift Card,07675010633,OD5HQNKO0Y
Joe's Crab Shack eGift,07675010634,9T9HM10NEJ
Glory Days Grill/ FANFARE Eatery Gift,07675010670,EMD5RVNY85
Boston Market Gift Card,07675010719,7NPLJG0EZT
Boston Market eGift,07675010720,ZTFOBDL1QM
Glory Days Grill eGift,07675010723,WS8J3K1PZM
Bubba Gump Shrimp Co. Gift Card,07675010873,UFU9WAELRR
Jr's Last Laugh eGift,07675010928,UY7IGMPLFI
Ghirardelli Chocolate Company Caramel Pour Gift Card,07675010930,H606X2Q9MG
Ghirardelli Chocolate Company eGift,07675010931,RUZNH8T3Y3
Belk Gift Card,07675011045,K6L7W9UH9Z
Curtis Lumber A Gift For You Gift Card,07675011046,EZMNAQRUK2
Curtis Lumber  Balloons eGift,07675011047,PLXFVVMCAL
McCormick & Schmick's eGift,07675011174,XN202P8KIG
Aquarium eGift,07675011262,5UVGQBJIYS
Vic & Anthony’s Steakhouse eGift,07675011263,5MEDXOZ9SY
Kemah eGift,07675011264,WBTKIK8GJK
Petco Gift Card,07675011279,I2KQSZ1LZI
Petco eGift,07675011287,05MPUCQRKN
Steak 'N Shake eGift,07675011291,9S82XE0LY9
Jason's Deli Gift Card $25,07675011309,PBIHUBT0GJ
Grand Concourse Gift Card,07675011322,BG7Z44Q3P6
Grand Concourse eGift,07675011323,ZHSWCVY1K6
Izzy's Gift Card,07675011326,5E5ABYVNZQ
Izzy's eGift,07675011327,MX8H4G51RO
Panda Express Gift Card,07675011355,88XO1S0SYB
Groupon Gift Card,07675011360,RLMULDS3F8
Groupon eGift,07675011361,3CJKFA0DCW
Smashburger Gift Card,07675011398,MH1BJDDDKI
Skyline Chili Gift Card,07675011399,S0SQ6ISX1B
Morton's Gift Card,07675011404,D5PVK8WIG3
Morton's eGift,07675011405,4S7IB7X9XO
CiCi's Holiday Gift Card,07675011427,R4N7TRVZY0
Guitar Center eGift,07675011436,34GYTOLDT2
Saint Louis Originals eGift,07675011437,NWEUASYFZO
Saint Louis Originals Gift Card,07675011438,KL5S4PLRHN
Guitar Center Gift Card,07675011439,GFCK50YKWX
Jeff Ruby Culinary Entertainment Gift Card,07675011440,1ELX8FL12D
Red Robin  Burger eGift,07675011441,IH022EB2OZ
Bubba Gump Shrimp Co. eGift,07675011442,XRBRFTA50U
AutoZone eGift,07675011443,U4S5QYCEM0
AutoZone Gift Card,07675011444,QG3B9TRFQL
McCormick & Schmick's Gift Card,07675011447,M6UM8YAY4F
Domino's Gift Card,07675011448,93ZPI9KBM0
Domino's  Standard eGift,07675011449,QTXAYOFQ3N
Finish Line eGift,07675011451,5CF3HVERY5
Buffalo Wild Wings  eGift,07675011510,73960H0NGM
Buffalo Wild Wings Thank You Gift Card,07675011511,F8W5G9POJ3
rue21 $25 eGift,07675011534,7AYT4S4E0K
rue21 $50 eGift,07675011535,CHMUHGB5GE
The Counter Gift Card,07675011572,9ZWIFW45WQ
The Chateau Restaurant Gift Card,07675011587,ET6Y7IAE79
The Chateau eGift,07675011588,CXQ8D7HF36
Salvatore's Old Fashioned Pizzeria Gift Card,07675011662,Q5ZMPMMISR
Salvatore's Old Fashioned Pizzeria eGift,07675011663,GE1FTEQURL
Forever 21 Gift Card,07675011668,OO7PXU4JSC
H&M eGift,07675011710,KYOHCLZVJL
Gap  eGift,07675012038,K9R1LALS02
Gap Options  eGift,07675012039,EO4D78JQ4D
Banana Republic  eGift,07675012040,OT5YUOFOMD
Old Navy eGift,07675012041,7LHLN0WRU3
Baby Gap eGift,07675012042,GO1SM3RJLP
la Madeleine Gift Card,07675012048,4UF747XTU7
la Madeleine Country French Café eGift,07675012051,M66SUCPL2O
Captain D's Gift Card,07675012111,RVZ3LNZ81M
Children's Museum of Pittsburgh Gift Card,07675012261,XCPZ68GVZC
Children's Museum of Pittsburgh eGift,07675012262,A7SAKMY4ZD
Shane's Rib Shack Gift Card,07675012393,Y5O3VRV3WG
Under Armour Gift Card,07675012404,XGRQP3J0DX
Under Armour eGift,07675012405,2IP83X3CR9
Express  eGift,07675012438,PA8T9HHFQN
Guess Gift Card,07675012459,4PPDBWII0O
Guess eGift,07675012460,Y689XATI5I
Zappos.com eGift,07675012510,51SELV0HYU
Chipotle Gift Card $25,07675012541,M9YEA0QQCF
AMC Popcorn eGift,07675012542,K2JCOBQ808
Quaker Steak & Lube Atomic eGift,07675012596,QWPFMKPOZB
Grinders Above & Beyond Gift Card,07675012597,N983Y0GEEV
Grinders  Above & Beyond Standard eGift,07675012598,R7AZHYTINJ
Burger King Whopper eGift,07675012616,J3O18V5BPN
Pappas Restaurants eGift,07675012650,EA5DL89CF6
Crate and Barrel eGift,07675012679,67UKA4DKZ2
Crate and Barrel Gift Card,07675012680,RV3EU5UZQS
Papa John's Pizza eGift,07675012760,4VTNU0ZH76
Rocky Mountain Apples $25 Gift Card,07675012763,VKKMOVB91W
Rocky Mountain Chocolates $25 eGift,07675012764,0MHDCRSM5C
Karma Koin $10 eGift,07675012766,07CRT6I47M
Karma Koin $25 eGift,07675012767,YYSBGTEUHO
Karma Koin $50 eGift,07675012768,U77ZCVQ1QE
Macy's  eGift,07675012805,JN5Y3HMIQQ
Petsmart eGift,07675012816,V728XHN3EN
Hibbett Sports  Gift Card,07675012829,6OHYQFEJTD
Hibbett Sports  eGift,07675012830,3K09WO4BQX
The Children's Place and Gymboree eGift,07675012841,BEJ1UHHCKL
L.L. Bean Gift Card,07675012902,C1X9V48J1V
Your L.L.Bean E-Gift Card,07675012903,ST26FO2T9S
Wendell August Gift Card,07675012906,T1ANDVTV5G
Office Max eGift,07675012918,YSGRCNS1LC
Paesan's Pizza eGift,07675012970,S4NOXTZUTA
Panda Express eGift,07675013151,40PXJUVJZ7
Skechers Gift Card,07675013158,AIQW35854W
Skechers eGift,07675013159,3PZU75PLKZ
Scrambler Gift Card,07675013217,MP5G8RQ9LM
Scramblers eGift,07675013218,DOOYXNSKQU
The Big Y Group eGift,07675013266,R36M283V8S
Bacalls Café eGift,07675013369,H2R3ZPO1Z0
Sno $25 eGift,07675013375,9N02MULB3W
ArcLight Cinemas Gift Card,07675013379,GC0RFRHBHF
ArcLight Cinemas  eGift,07675013380,67WHKS7WYV
Soul Food Bistro $20 eGift,07675013386,MY09NP1AQH
The Clubhouse Fun Center $25 eGift,07675013392,N0A47ZLTOA
Carter's / OshKosh B'gosh Gift Card,07675013473,8QX7O1G5ZU
Carter's / OshKosh B'gosh eGift,07675013474,5H3I3SA4GM
Hapa Sushi Grill and Sake Bar $50 eGift,07675013481,90NYESBU14
Dickey's Barbecue Restaurants Gift Card,07675013495,BZ51F7UQ9G
Neighborhood Grills $50 eGift,07675013498,31VQGX7R0C
Lunchbox Laboratory $50 eGift,07675013504,OFT8O016S6
Pronto Cucinino $25 eGift,07675013511,VIG9QB3DM2
PacSun Gift Card,07675013538,X168GI8P4T
PacSun eGift,07675013539,85LIRPQB2F
Hollister eGift,07675013550,9OVV3XFF23
Baja Fresh Mexican Grill Gift Card,07675013687,K9Y117QOE8
Yankee Candle Gift Card,07675013714,1MCCG3ZIAB
Sur La Table,07675013799,X5S9KABUE8
Sur La Table  eGift,07675013800,7Q6KGEU60K
aerie eGift,07675013944,DMSP0H9V73
aerie Gift Card,07675013945,MGJMDA6KLY
Friendly's Ice Cream $25 Gift Card,07675013972,8RHP6PXBTN
Friendly's Ice Cream $25 eGift,07675013973,6YGATIM1P9
Chicken Shack Gift Card,07675013974,QR17TNQGWZ
Chicken Shack eGift,07675013975,Z8SG4T3E2H
IMVU $10 eGift,07675014004,SSUMY2G2OA
IMVU $25 eGift,07675014005,78Q653L704
Spotify $10 eGift,07675014023,XJ1K86LPQN
Spotify $30 eGift,07675014024,0H40O6JWHV
Red Lobster Gift Card,07675014036,LGT8YUOBFM
Yard House® eGift,07675014039,FSLYP63UIG
Yard House® Gift Card,07675014040,ODQ3G48F4A
Olive Garden® eGift,07675014041,6IEJP6EZ6H
Olive Garden Gift Card,07675014042,2GLNJE4CRY
Original Roadhouse Grill Gift Card,07675014048,JO167VKUCN
Original Roadhouse Grill eGift,07675014049,4TOGXE69U4
LongHorn Steakhouse® eGift,07675014056,XRGY8O9FVX
LongHorn Steakhouse Gift Card,07675014057,HPL0M94PG1
Bahama Breeze® eGift,07675014058,1OOTD7OSWM
Bahama Breeze® Gift Card,07675014059,RL189OVVWD
TacoTime eGift,07675014113,LZOMJ2QUPZ
Dickey's Barbecue Restaurants eGift,07675014115,QGW6MWT67Y
Sony PlayStation Gift Bag $50 eGift,07675014120,PR9K5BQ4QN
Sony $10 eGift,07675014131,JNAX3661JC
Burger King Happy Holidays Gift Card,07675014134,U5FNXLUVXH
The Olde English Pub $20 eGift,07675014161,M9XM8KQ3LM
Wolff's Biergarten $20 eGift,07675014162,ALVJGH7VV1
Boondocks Fun Center $25 eGift,07675014167,BF5IRRVVKL
Hot Topic Gift Card,07675014172,E9AENDACO8
Fandango $25 Gift Card,07675014173,QBPFJLSMNK
LaMar's Donuts eGift,07675014227,6OTQR4UWFR
Wood-n-Tap eGift,07675014244,FSNK1IGXCB
MAD Greens eGift,07675014279,AV81EBPWA9
Mallorca Restaurant $50 eGift,07675014284,Q6VSHGGUTA
Kohls eGift,07675014307,BY19ITJIWQ
JCPenney eGift,07675014338,74822004ZC
JCPenney Gift Card,07675014339,7KRABAMEUZ
Target Gift Card,07675014342,B7DDUPBY6W
Advance Auto Parts eGift,07675014354,A92ENBQAHT
Advance Auto Parts Gift Card,07675014355,J6O90FZ8UD
Coney Island $25 Gift Card,07675014570,K9ZXB1RGMY
Coney Island $50 Gift Card,07675014571,21I4OELHSN
Coney Island $25 eGift,07675014573,9GVFNG4HAX
Coney Island $50 eGift,07675014574,FGJ3VN0O3P
1800Flowers.com Gift Card,07675014629,LQC1IPJJNV
1800Flowers.com eGift,07675014630,F4XKXTHO9P
Detroit Zoo eGift,07675014656,O44UC1MDNV
JOANN Stores eGift,07675014705,IXP9L6MDRU
Jo-Ann Stores Gift Card,07675014706,5H6HUE4AVY
Michaels eGift,07675014742,VBWZKFEWGN
Babbo Italian Eatery eGift,07675014812,B0KZB2S85W
Black-eyed Pea Colorado eGift,07675014814,JVP9SZ3NH0
Aladdin's Eatery eGift,07675014815,VGSQW8BXQV
Arizona Science Center eGift,07675014820,LHL1WU0HP3
Boudreaux's Cajun Kitchen eGift,07675014825,F70ERQRFG0
Buster's Texas Style Barbecue eGift,07675014830,2RWYGVYWAG
Dilly's Deli eGift,07675014831,BDR7LTQA6B
Frog and Firkin eGift,07675014833,D2WB7JP8Q9
Jack Quinns Irish Pub and Restaurant eGift,07675014853,6DZ0CDVRCC
Monkey Burger eGift,07675014862,W8KKYEDJK5
Mr. Chicken eGift,07675014865,PU12TH71O4
Pastini Pastaria eGift,07675014867,1TL46L3XAV
Si Senor eGift,07675014877,FEKUBWQQEJ
Taco Casa eGift,07675014881,L66OKTKPXD
Taft Museum of Art eGift,07675014884,KXBI6XKRP0
Texas de Brazil eGift,07675014887,87G557ACCD
The Comfy Cow eGift,07675014891,SH77S3A4T0
Via Vite Restaurant eGift,07675014896,ELP0YACKES
Cattlemans Roadhouse eGift,07675014917,PF2T2GALR1
IHOP eGift,07675014920,ZK0FXW69H8
IHOP Coffee Mug Gift Card,07675014925,ZHFMFI4OGS
Buy Buy Baby eGift,07675014942,EZ8UC7XPTD
Bed Bath & Beyond eGift,07675014951,TGTEF7CZQX
Erbelli's eGift,07675014964,7OK95NCD48
BJ's Restaurant Brewhouse eGift FRC,07675015371,U7GBJMUSKO
GameStop eGift FRC,07675015374,IEWUFXTXG2
Graeter's  Gift Card,07675015376,HE7TKDWORN
Graeter's  eGift,07675015377,NSSXA6ZDZH
Chevys eGift,07675015669,JEAWL0LYE6
Cracker Barrel  eGift,07675015711,TQ4544R7LG
Maritime Pacific Brewing Company eGift,07675015750,I2N4PBYHS7
Spaghetti Works eGift,07675015751,69LPKD0D5U
"Umigo Racing, Inc. eGift",07675015824,EO00L0PLRR
Beau Jo's Colorado Style Pizza eGift,07675015829,WLZUS0PS1N
Target  eGift,07675015835,OV5E09RIL2
Bow Tie Cinemas Gift Card,07675015937,7MUJHCL3VE
Bow Tie Cinemas eGift,07675015939,LMKF6OWZU5
Embers Restaurant eGift,07675016133,1859URVAAV
Trio Bistro eGift,07675016138,8FGX8XKMVF
Columbia Sportswear eGift,07675016159,5TF6T804V0
El Torito eGift,07675016169,M8ZWCWFLPR
The Grill eGift,07675016204,PNWDM2X1SX
Upstream Brewing Company eGift,07675016209,7XG9LJLBBK
Wendell August eGift,07675016210,VHGREQ6HLQ
Go Play Golf Gift Card,07675016278,JRQ2RYYSN5
Go Play Golf eGift,07675016279,BH51Z4KV3R
Fandango eGift,07675016280,RXTP3V1MX9
West Garden Café eGift,07675016284,VVB9HFVFRZ
Winger's Roadhouse eGift,07675016336,XFOZCBYMXC
Valentino's eGift,07675016338,VN90FYBPHD
Red Rock Brewing eGift,07675016343,WKOB3EGDPN
Primavera Ristorante eGift,07675016348,LPNMB5D5JE
Millbrae Pancake House eGift,07675016354,HD1PYLS5DS
DiBella's  eGift,07675016365,MV0NMYBGWO
Demitri's Taverna eGift,07675016366,38CSIIX40L
Beans & Brews Coffee House eGift,07675016380,NLOB6B5XEL
Rock City Grill eGift,07675016402,HHUC7LS257
i Fratelli eGift,07675016403,OMZ5I1NMXA
Penn Brewing eGift,07675016407,BSMBKZ487J
Carrows and Coco's Bakery eGift,07675016425,IBH1GM65T5
Eddie Papas eGift,07675016440,F5DMJATF90
Iozzo's Garden of Italy eGift,07675016488,XD4I5JOGCW
Cycle Specialties eGift,07675016491,B7X1PNPDPD
Quiznos eGift,07675016565,F88W7LIIAZ
Bloomingdales White eGift,07675016622,XYVFY5JL67
Al's Beef Gift Card,07675016640,U0C6D3D7CL
Jiffy Lube Red Car eGift,07675016655,B56CYFH28L
LaRosa's Family Pizzerias Gift Card,07675016671,VIAJV7W6KS
Shari's Café & Pies Gift Card,07675016678,737W3SVFVI
Shari's Café & Pies eGift,07675016679,SSKLMVGAL3
Shoney's Gift Card,07675016714,T69KQN7AZI
Shoney's eGift,07675016715,F4AA7ZSBCQ
iTunes Code FRC,07675016731,JHYPH1AHT4
eBay Gift Card,07675016736,8OX3XCPJQL
eBay eGift,07675016737,E6ZRJ9SBKP
Lowe's eGift FRC,07675016758,FCAG9QZQPX
The Coffee Bean & Tea Leaf eGift,07675016856,7THVLP009O
The Coffee Bean & Tea Leaf Gift Card,07675016901,ZTVEVA1KU8
American Eagle Outfitters eGift FRC,07675016931,L6D695NG07
Tilly's eGift,07675016942,4EO278EJCR
Firehouse Subs Gift Card,07675016960,JUGCJNQQQA
Alamo Drafthouse Cinemas Gift Card,07675016963,1RYM5VJY16
Alamo Drafthouse Cinemas eGift,07675016964,2W29CLROTZ
MistoBox $50 eGift,07675017141,MSJS5KZUNI
Space Needle eGift,07675017145,EM4VUWAV33
Ulta eGift,07675017195,DGEM4JV16K
Airbnb Castle eGift,07675017219,6G68FYXA1O
Which Wich eGift,07675017385,R4JHKJFZYU
Wayfair.com eGift,07675017390,EOOI4Q3UUI
Wayfair Gift Card,07675017391,URCEQZFZ4R
Gandy Dancer eGift,07675017410,KOHX91B5ZQ
Gandy Dancer Gift Card,07675017411,STHWVKDS2K
River Crab eGift,07675017412,JK4BLVQT4M
River Crab Gift Card,07675017413,60OBNWIXN6
Hooters eGift,07675017420,2TBK0G288S
Charley’s Crab eGift,07675017425,MAXK916ZQK
Charley’s Crab Gift Card,07675017426,GQC5KNBT6T
Rusty Pelican eGift,07675017429,HFDPUM9UEO
Rusty Pelican Gift Card,07675017430,VHU3SEHWIL
Aeropostale eGift FRC,07675017463,THZJKOSRGZ
AMC Popcorn eGift FRC,07675017464,9RLLBBEH56
Freakin' Unbelievable Burgers Gift Card,07675017568,D2D4OBUHQ7
Harvey's Grill and Bar & Hayden's Grill and Bar Gift Card,07675017572,IUNYQF04H8
The Well Bar Grill & Rooftop eGift,07675017577,HIL52SQ9UB
The Well Bar Grill & Rooftop Gift Card,07675017579,QWZCRN7IZA
Big Fish eGift,07675017593,GV0KWE5MUM
Big Fish Gift Card,07675017594,OY9CYNFJ5A
Peppino's eGift,07675017603,Y8LCIEMJ5G
MistoBox eGift,07675017707,40ROEDSHP5
MistoBox Gift Card,07675017708,EQKK1OKESS
Eddie Bauer eGift,07675017864,V4AMJ1TWCS
Water Street Coffee Joint eGift,07675018151,OAXZGKZZEL
Spartan Hall of Fame Café Gift Card,07675018158,OWLKJ2SBCO
Spartan Hall of Fame Café eGift,07675018162,X31XNOVW58
Al's Beef eGift,07675018170,A6I5XAX9J5
Jose Pepper's Marketplace eGift,07675018316,7R9XJNI4Z3
Spoonlickers eGift,07675018342,6S6WV9AGOZ
Buz and Ned's Real Barbecue eGift,07675018349,6BYRDJDURM
Mexico Restaurant eGift,07675018361,JS19BVCOGA
Taco Shop of Wichita eGift,07675018367,SR2QRK3P3O
Submarine House eGift,07675018404,1V7HP4RW0K
Merridee's Breadbasket eGift,07675018414,JZXXUGSTKS
Puckett's Grocery eGift,07675018453,XYPW7WDX4R
Bagger Dave's eGift,07675018522,U2O6ZCGIJ6
Fricker's eGift,07675018531,7PCYLCOCTD
Air Force Museum Gift Shop eGift,07675018611,AYIWO0599J
Food Dance eGift,07675018737,ZYGSN4GP1S
Yankee Candle eGift,07675018745,K7BNBOWVXS
Famous Footwear eGift,07675018767,MQYFO2FFSU
Shane's Rib Shack eGift,07675018892,CAS2X2WNQV
Fandango eGift,07675018921,3ABYK2NM0B
Olga's Kitchen eGift,07675018990,H0CX5U0314
Goodcents Deli Fresh Subs Original Gift Card,07675018992,OZQQXC5GAU
Goodcents Deli Fresh Subs Original eGift,07675019163,6EQMNCK6RJ
Wicked Good Cupcakes Gift Card,07675019245,1Q9PVQ9YYY
Wicked Good Cupcakes eGift,07675019246,EN8J9FRK96
Athleta eGift,07675019423,15K32L1BMI
The Gilmore Collection eGift,07675019480,2JX1U950FF
Ulta Beauty Gift Card,07675019523,5D9RWLQ4FH
W. W. Cousins eGift,07675019529,7F18IPZ178
Macayo's Mexican Food eGift,07675019532,ND8SZFZK92
Chuck E. Cheese eGift,07675019540,KQB6YELCFE
Hot Topic eGift,07675019574,9JZPN7YPS4
Captain D's eGift,07675019592,Q1SEYV9G4B
Blue Line Pizza eGift,07675019609,FWLT9DEUM5
Humdingers eGift,07675019611,S3BKXYQSSV
Knolla's Pizza eGift,07675019616,7ZS3GU5RVM
Nintendo $10 eGift,07675019617,S943IT1XLF
Nintendo $20 eGift,07675019618,E3B54LEIOS
Nintendo $35 eGift,07675019619,I5ZV5XYDA6
Nintendo $50 eGift,07675019620,9ONVQUJOYZ
Jed's Fireballs & Brews eGift,07675019628,TM51T4EBEI
Sam's No 3 Diner and Bar eGift,07675019630,FPJZ7DKPAJ
Fleming's Prime Steakhouse & Wine Bar Gift Card eGift,07675019650,ZOVCROJ8AY
Outback Steakhouse eGift,07675019652,1T2IJ6TJKF
Bonefish Grill eGift,07675019653,KEZHPM72ZG
Carrabba's eGift,07675019654,PZXUH9ZEK4
J. Christopher's eGift,07675019658,WQTOJSCLT4
Mere Bulles eGift,07675019674,JYY0MCO2UK
Brinker Gift Card,07675019791,LNGQHQTL6B
Pep Boys $50 eGift,07675019793,LA3G0R9EPX
Pep Boys $25 eGift,07675019794,Q989ZJGVHR
Barnes & Noble eGift,07675019801,G999NLSXQ5
eBay Gift Card,07675019894,TFS6H2I406
Fazoli's Gift Card,07675019935,GR9QF7IAKQ
Fazoli's eGift,07675019936,YD18L4S1WV
Tom+Chee: Grilled Cheese and Tomato Soup eGift,07675019977,NTZD3KT4CY
Tom+Chee: Grilled Cheese and Tomato Soup Gift Card,07675019978,HKPKK784ZB
Stop N Shop $25 Gift Card,07675020008,IW8DE8WQU3
Stop N Shop $50 Gift Card,07675020015,8EC9AL8Q3E
Google Play Gift Code,07675020060,0BVQKXQSPJ
Round Table Pizza eGift,07675020089,BR84YSOXBH
Marcus Theatres® eGift,07675020455,79OMXWL4WI
Netflix eGift,07675020675,1LPODZUOE0
StubHub eGift,07675020680,2DZDAXAN4Q
Uber eGift,07675020681,DWLBGS4ABY
Animal Jam eGift,07675020682,ZRKKL6O7KX
Krispy Kreme® eGift,07675020688,HMAS2GU83N
Animal Jam eGift,07675020731,PM2Q87X0JG
Microsoft Xbox Cash $15 eGift,07675020825,VHIYKSUJ0S
Microsoft Xbox Cash $25 eGift,07675020826,L6NGXREQDM
Microsoft Xbox Cash $50 eGift,07675020827,7NZOSP8SU4
Macy's Gift Card,07675020878,4UMD8FMV51
Bloomingdales Gift Card,07675020944,8NPRZA9N6K
Hotels.com eGift,07675021001,KBBROAS4K7
Frisch's Restaurants Gift Card,07675021419,CIJEHUM0NA
Fandango Now $25 eGift,07675021439,QMS79GQNSW
The Cheesecake Factory Gift Card,07675021502,BJZTD0MOWN
Esquire Theatre Group eGift,07675022188,BB8UD98UIN
Esquire Theatre Group Gift card,07675022193,WJT99YU1H4
Mitchell's Fish Market Gift Card,07675022197,KHC02ZX0NX
HopCat Gift Card,07675022269,DQFB859UTP
Hooters $25 Gift Card,07675022279,5HGSGMDPPM
Hulu $25 eGift,07675022315,TOSANO6GIT
Hulu $50 eGift,07675022318,CE1QVREUBO
Jeff Ruby eGift,07675022439,DRG9UR8VHS
Airbnb Gift Card,07675022604,HY2UVAS1J7
Tractor Supply Company $25 Gift Card,07675022639,YHVBC3DCF0
Dollar Shave Club Gift Card,07675022805,IYYZJCF9ES
Red Lobster 2016 eGift,07675022808,B724QOD5GL
Ruby Tuesday Relax eGift,07675022833,UIR89395QY
REI Gift Card,07675022870,JY25LE9JDD
Chili's Gift Card,07675022918,ZDRM2WBTU2
Maggiano's Gift Card,07675022921,AFOUWGABUY
On The Border Gift Card,07675022927,YRM0M5URSE
rue21 eGift,07675022932,ANZS8A1QRU
Peet's Coffee eGift,07675023445,AXLQ9F9LS5
Peets Coffee Gift Card,07675023446,5OZ8TSOAYI
Lids eGift,07675023496,9RJ4RHNHIQ
Lids Gift Card,07675023497,OPBLAGTLGW
Disney Gift Card,07675023518,YVUQ686S3T
Bath & Body Works eGift,07675023533,XSMGDLQYZV
Bath and Body Works Gift Card,07675023536,MPN75LGIXC
Hulu $100 eGift,07675023562,B2JYPU488L
Michaels Gift Card,07675023591,9K8G4F4FZ7
Jersey Mike's eGift,07675023691,D9V4H2QB4H
Jersey Mike's Gift Card,07675023692,9JPCDN0BDG
Sweetfrog Gift Card,07675023784,W1RTLSNUFS
Sweetfrog eGift,07675023785,EJROYML3EP
Shutterfly eGift,07675023846,A2GXG77FUC
Shutterfly Gift Card,07675023847,074QHQ75X7
Spotify $60 eGift,07675023941,YOKIMIT4GB
Boost$60 Prepaid Phone Card (e-delivery),07675023982,5WH72HLYB1
Boost $55 Prepaid Phone Card (e-delivery),07675023983,MVFHPB5GZW
Boost $50 Prepaid Phone Card (e-delivery),07675023984,RA2LH61ZVN
Boost $45 Prepaid Phone Card (e-delivery),07675023985,87KEKTKG9N
Boost $40 Prepaid Phone Card (e-delivery),07675023986,JHTLCNINYU
Boost $35 Prepaid Phone Card (e-delivery),07675023987,VADW5BSQ0M
Boost $30 Prepaid Phone Card (e-delivery),07675023988,HMK9WM2BER
Boost $20 Prepaid Phone Card (e-delivery),07675023989,IRTQ6WMKPL
Boost $10 Prepaid Phone Card (e-delivery),07675023990,MWSPZ8SIOS
T-Mobile $60 Prepaid Phone Card (e-delivery),07675023993,YGOEMX1PFD
T-Mobile $50 Prepaid Phone Card (e-delivery),07675023994,G0KVIQHJY7
T-Mobile $40 Prepaid Phone Card (e-delivery),07675023995,29FIPDWYJM
Verizon $70 Prepaid Phone Card (e-delivery),07675024024,08YGO44GV1
Verizon $50 Prepaid Phone Card (e-delivery),07675024025,I58ZJPRNY9
Verizon $40 Prepaid Phone Card (e-delivery),07675024026,MS58KLMIRO
Verizon $30 Prepaid Phone Card (e-delivery),07675024027,ZBSZFOUWAN
AT&T Prepaid Phone Card (e-delivery),07675024081,UTAIF1CH81
Net 10 $40 Prepaid Phone Card (e-delivery),07675024086,KB74TDA6N7
Simple Mobile $25 Prepaid Phone Card (e-delivery),07675024087,Z48T22PSU2
TRACFONE $35 Prepaid Phone Card (e-delivery),07675024089,MH8LAWKSX8
TRACFONE $29.99 Prepaid Phone Card (e-delivery),07675024090,8JAAZ81UV4
TRACFONE $79.99 Prepaid Phone Card (e-delivery),07675024091,77YUSS2569
TRACFONE $15 Prepaid Phone Card (e-delivery),07675024092,URWLUASITB
TRACFONE $39.99 Prepaid Phone Card (e-delivery),07675024093,PZI7NDWOW8
TRACFONE $10 Prepaid Phone Card (e-delivery),07675024094,Q0091YOB35
TRACFONE $99.99 Prepaid Phone Card (e-delivery),07675024095,VJ97BAEWEC
TRACFONE $19.99 Prepaid Phone Card (e-delivery),07675024096,U87W7VPLJK
Tavern in the Square Gift Card,07675024165,LVFYNBNIPH
Stitch Fix eGift,07675024172,B2NEMRSKJO
Stitch Fix Gift Card,07675024173,GFG6GP8VNG
Academy Sports & Outdoors Gift Card,07675024174,BQAB2OZVC2
Cricket Wireless Prepaid Phone Card (e-delivery),07675024176,2671LZNEAJ
PlayStation Plus 12 Month Membership $59.99,07675024287,CR71FPKBY8
Spafinder eGift,07675024332,M5GYWZ1FSD
Spafinder Gift Card,07675024333,CJ21J3ZUVE
T-Mobile $75 Prepaid Phone Card (e-delivery),07675024344,V9641J34TC
T-Mobile $55 Prepaid Phone Card (e-delivery),07675024345,5U1TY6DPXT
T-Mobile $45 Prepaid Phone Card (e-delivery),07675024346,K23VZIE0JQ
Simple Mobile $60 Prepaid Phone Card (e-delivery),07675024392,SO9HV7527Y
Uber eGift,07675024397,94YLHD6L03
TRACFONE $25 Prepaid Phone Card (e-delivery),07675024403,P64W46IC4G
TRACFONE $125 Prepaid Phone Card (e-delivery),07675024404,CCXC8QVGMD
Simple Mobile $50 Prepaid Phone Card (e-delivery),07675024405,GZ9WNXS6MO
Simple Mobile $40 Prepaid Phone Card (e-delivery),07675024406,T6N7OULZPS
Total Wireless $85 Prepaid Phone Card (e-delivery),07675024407,9AP5ADN9XW
Total Wireless $60 Prepaid Phone Card (e-delivery),07675024408,FID4F63T2M
Total Wireless $35 Prepaid Phone Card (e-delivery),07675024409,JDXGRJD5D2
Total Wireless $25 Prepaid Phone Card (e-delivery),07675024410,SPUUNPMHP7
Total Wireless $100 Prepaid Phone Card (e-delivery),07675024411,EG04DKJ4B1
Total Wireless $10 Prepaid Phone Card (e-delivery),07675024412,BFNX484APM
Net 10 $50 Prepaid Phone Card (e-delivery),07675024415,43V22LSFPD
Net 10 $35 Prepaid Phone Card (e-delivery),07675024416,A7CLCR9A06
Fandango Now $25 Gift Card,07675024551,AW9FTTCU8R
Top Golf International eGift,07675024720,4ELRAYK3FD
Sony Playstation $25 eGift,07675025139,H4U3LDJ9W2
Amtrak Gift Card,07675025494,SW3SVYNC1S
Amtrak eGift,07675025498,OA8Z5EJSMK
Darden Restaurants Gift Card,07675025739,Q8MZ7P20X8
J Crew eGift,07675025772,AXLW5CG7G4
J Crew Gift Card,07675025773,MJB20R0T4C
PF Changs China Bistro Gift Card,07675025825,0OSA825BBP
Bob Evans Restaurant eGift,07675025831,BM14ME58UL
Bob Evans Gift Card,07675025833,M2N6H4L5GW
Moby Dick House of Kabob eGift,07675025896,7OLPXBAU9V
Moby Dick House of Kabob Gift Card,07675025898,L1COX022ZP
Stubhub Gift Card,07675026001,8M8EIZLHG1
Boost $80 Prepaid Phone Card (e-delivery),07675026041,NGBA75NTCP
XBox CASH $100,07675026069,2RORIEG1SX
Soma eGift,07675026072,AMRYY95F6W
Soma Gift Card,07675026073,APENRWSV0I
Chico's eGift,07675026074,RD8RCNNGZJ
Chico's Gift Card,07675026075,B5D4DBS4XC
Zeel Massage eGift,07675026096,F6ICWDMNUG
Arby's Gift Card,07675026138,8A0AXL0TGQ
White House Black Market eGift,07675026682,LG5JR6RA1O
White House Black Market Gift Card,07675026683,K2YKK0B4ZH
Sally Beauty Supply Gift Card,07675026700,8OAW3UD0MI
Verizon $60 Prepaid Phone Card (e-delivery),07675026847,JMCOKWZONZ
Darden eGift,07675027112,V40R3LKGN0
Gene Juarez eGift,07675027192,HTT0G0FR7G
REI eGift,07675027269,N380KHBTJE
Cinemark eGift,07675027799,085P3I2GBN
Cinemark Gift Card,07675027800,U3WOQUG6XW
Zulily Gift Card,07675027887,0A2XQOAH35
Macaroni Grill Gift Card,07675027892,W2UQDZ6JS6
Macaroni Grill eGift,07675027893,LLAJEOOLR8
FE DIGITAL Full Game Download $19.99,07675028164,FYARBVJQLX
Happy Bites Gift Card,07675028393,B96FDBS43G
Happy Lady Gift Card,07675028404,9WKQR6AJ0Y
FAR CRY V Season Pass,07675028558,MITLJRFDQD
FAR CRY V Full Game Download,07675028559,2ZQ4R28F2Y
Verizon $75 eGift,07675028650,6ALOK3WJ97
Happy Beauty Gift Card,07675028703,
Happy Bride Gift Card,07675028705,KZG5OHUJS4
Fogo De Chao,07675028720,BIYR72OELC
Nordstrom eGift,07675028737,IAZ7WRV3XL
Nordstrom Rack eGift,07675028756,M91LIGF034
Victoria's Secret eGift,07675028763,SEBZST3IZU
Simple Mobile $30 eGift,07675028767,953US2QXDW
Victoria's Secret PINK eGift,07675028770,ICL57BXSAU
Dave and Busters Gift Card,07675028773,EJUH2SDR9X
Oil & Vinegar Gift Card,07675028800,RDS94YV23S
TGI Fridays eGift,07675028931,H46L1MOYT1
Paul Martin’s American Grill® Gift Card,07675029055,KK99ZLK40S
Paul Martin’s American Grill® eGift,07675029057,KPQC249WKI
Boss Revolution eGift,07675029215,0HJNFGI1JQ
Boss Revolution eGift,07675029216,4FCMLTMYHR
Elements Massage® Gift Card,07675029302,H342W8M1YM
T-Mobile $100 eGift,07675029363,JTUL5666UG
Marcus Gift Card,07675029388,NNDEHU6B0N
Athleta Girl eGift,07675029424,R1YLCUGBU4
Match.com $30 Gift Card,07675029475,OTAMEBTLI4
Match.com $30 eGift,07675029476,E7HZELJIDE
Happy Her Gift Card,07675029614,5W6JHQCOZV
Torrid eGift,07675029824,JJNIJDNJC9
Shipt eGift,07675029837,BNW99L7I2C
$25 Mastercard® Gift Card,07675029874,JZRTLKDG32
$50 Mastercard® Gift Card,07675029875,X9EZYDBSHB
$100 Mastercard® Gift Card,07675029876,TW072TPONS
$25 Visa® Gift Card,07675029879,K6Y7QSFORO
$50 Visa® Gift Card,07675029880,EBY8V1GHJ1
$100 Visa® Gift Card,07675029881,FOPMZYFZUU
Xbox Live 3 Month Subscription,07675030085,3A86K9458K
Princess Cruise Lines Gift Card,07675030106,JFAN9105FS
Princess Cruise Lines eGift,07675030108,KTZTDHHJ5R
Zaxby's Gift Card,07675030185,HXP7C8ZACL
Camping World Gift Card,07675030337,QI2OAMPGDY
Camping World eGift,07675030339,BY59PYZROP
Simon Geometry Mastercard Gift Card,07675030382,CGLSIFTLDB
Lazy Dog Restaurants eGift,07675030433,K9JOZ0JDSZ
Happy Student Gift Card,07675030610,
Delta Airlines $500 eGift,07675030646,QYO2Y3RTVJ
Delta Air Lines $250 Gift Card,07675030648,Y8S6IM93QR
Delta Air Lines $250 eGift,07675030649,RNPN4MLCOH
Delta Air Lines $100 Gift Card,07675030650,R1VKJWPQ0F
Delta Air Lines $100 eGift,07675030651,OHQHPGBKQL
Delta Air Lines $50 Gift Card,07675030652,MMTB4V2LZS
Delta Air Lines $50 eGift,07675030653,SYTIFAP5YM
Happy Teen Gift Card,07675030715,YQQKBF89OS
Black Angus Steakhouse Gift Card,07675030734,Q17M6UPAIP
Net 10 $45 eGift,07675030843,5GXORZ3ZJV
Net 10 $60 eGift,07675030844,7MZDW8ATS5
Net 10 $65 eGift,07675030845,2I9BRJ5A16
Holland America Gift Card,07675030906,GLEQGIW6IU
Net 10 $10 eGift,07675030909,3292OLIBRD
Net 10 $30 eGift,07675030910,14ZLH71FWP
Holland America eGift,07675030911,WR9SZ1MBYN
Net 10 $5 eGift,07675030914,RIF3OU1038
Happy Her Gift Card,07675030924,0RQ0OA1ZN5
Happy Dining Gift Card,07675030932,
Happy Eats Gift Card,07675030933,
Happy Beauty Gift Card,07675030936,
Total Wireless $50 eGift,07675030958,HDTK0ZZJTQ
Happy Moments Gift Card,07675031374,QRC1CPK9AS
Main Event Gift Card,07675031536,OELJA7RVV9
Main Event eGift,07675031538,69P343QM64
Kroger Wireless eGift,07675031560,C44YK0P8LW
Devil May Cry 5 Standard Edition,07675031615,AFFJVJ3REW
Kingdom Hearts 3 Standard Edition,07675031617,MBVFEKE00A
Tom Clancy's The Division 2 Standard Edition,07675031622,IOLY53JEZG
LaRosa Pizza eGift,07675031643,5AGD0YZ0BY
Ace Combat 7: Skies Unknown Standard Edition Download,07675031746,K5U1QY7NY0
Trails Rising Full Game Download,07675031750,A9UET3U04A
Anthem Full Game Download,07675031752,YD9MDIE5KF
Crackdown 3 Full Game Download,07675031755,NSLQBIWZET
Far Cry New Dawn: Standard Edition Download,07675031759,F618DBCV5A
Resident Evil 2 Full Game Download,07675031760,H052USOIKU
Audible 1 Month eGift,07675031885,3GJP5WSDD6
Audible 3 Month eGift,07675031886,35LW972XHG
Audible 6 Month eGift,07675031887,1BC56ZRSFC
Audible 12 Month eGift,07675031888,QRJERD86CL
Mortal Kombat 11 Standard Edition Digital Download,07675032091,YKPGUOHY8N
Net10 Wireless $20 eGift,07675032099,5W7ZEZC431
HARD ROCK® CAFE eGift,07675032174,85OR6ZJ1ID
Harley-Davidson,07675032342,T5JGHB8F8G
Apex Legends 1000VC $9.99 eGift,07675037505,PT41SXYITZ
XBOX Apex Legneds 11500VC $99.99 eGift,07675037506,PSJ9DUAIZB
Xbox C2C Rage 2 Full Game $59.99 eGift,07675037606,47WZN87PXM
XBOX Game Pass Unlimited  1M $14.99,07675037621,SNXDCO8Q1W
XBOX Gamepass Ultimate 3M $44.99,07675037623,VIKU14TX1B
Apex Legends 2150 Coin Digital Download,07675037717,FN8W4OAMT0
XBOX Legends 4350VC $39.99 eGift,07675037718,CKA6KB5A5C
XBOX Apex Legends 6700VC $59.99 eGift,07675037719,QN6C0503OY
Panera Bread eGift,07675037724,4EZ2MAQ959
Subway eGift,07675037739,EVM7A4IVVD
TEST HAPPY HOLIDAYS SWAP 1S $20-500,07675037811,IW8L8BBPK7
Sling TV eGift,07675037851,CYCBTOWU3Y
XBOX C2C AGE OF EMPIRES $19.99,07675037855,H52X3M5W76
XBOX C2C CUPHEAD FULL GAME $19.99,07675037856,2QVEQRBQUH
Grand Theft Auto V Great White Shark Card Digital Download,07675037858,AOU4ZOBAFE
XBOX C2C MINECRAFT WIN10 STARTER $29.99,07675037860,P7T74HEPG0
XBOX One Minecraft Starter,07675037864,Q14D6V34LL
Happy You eGift,07675037890,VHOVUVR7AK
adidas eGift Card,07675037904,XJ23B31KUY
Simon Visa Snowboarding Snowman Gift Card,07675038012,LXC9WU46KH
Simon Visa Happy Holidays Gift Card,07675038025,N741YAC9GV
Simon Visa Bulldog Gift Card,07675038026,MEWLUR60T7
Fanatics Gift Card,07675038122,YYLL29IS9U
Fanatics eGift,07675038123,LMVKE4IEDA
GRUBHUB eGift,07675038175,VX9EJEWPSC
GRUBHUB Gift Card,07675038176,52LM4NDHL8
Kroger Merry Christmas Gift Card,07675038259,
Kroger Thanksgiving Gift Card,07675038260,
Kroger Make Memories Gift Card,07675038261,
Kroger All Things Wonderful Gift Card,07675038262,
Tracfone Unlimited $20 eGift,07675038423,YXQDB1SM7T
Tracfone Unlimited $25 eGift,07675038424,RYM8GXQ2K1
Tracfone Unlimited $30 eGift,07675038425,FCZFFWSIJ8
Xbox Madden 20 1050 VC $9.99 eGift,07675038653,J8ZXA9XBE6
Xbox Madden 20 12000 VC $99.99 eGift,07675038654,N602MWSLTB
Madden NFL 20 2200 Points Digital Download,07675038655,EOUTKI4P53
Xbox Madden 20 5850 VC $49.99 eGift,07675038656,JEMQHA99CP
Xbox Madden Starter Pk $4.99 eGift,07675038657,0FQ701AXJG
Xbox Madden 20 Superstar Ed $79.99 eGift,07675038658,8UIYJ2LTYG
Xbox Madden 20 Ult Ed $99.99 eGift,07675038659,Y4IR8FNVKD
Madden NFL 20 Standard Edition Digital Download,07675038660,36OVKQ7C48
Halo Master Chief Digital Download,07675038676,7ZUG0SNRXM
Dillions Ingredients Gift Card,07675038684,
Food 4 Less Ingredients Gift Card,07675038685,
Frys Ingredients Gift Card,07675038687,
Smiths Ingredients Gift Card,07675038688,
Nautica eGift,07675038748,9D5K5LX9YJ
Xbox NBA 2K20 SE $59.99 eGift,07675038857,51P267EDGT
XBox NBA 2K20 DX $79.99 eGift,07675038858,6EA2C6K7EE
Xbox NBA 2K20 Legend Ed $99.99 eGift,07675038859,8R698L0QV4
Xbox NBA 2K20 15000VC $4.99 eGift,07675038860,4KUJ7XVXLV
Xbox NBA 2K20 450000VC $99.99 eGift,07675038861,5L019GUSQ1
Xbox NBA 2K20 200000VC $49.99 eGift,07675038862,78AK9F236M
Xbox NBA 2K20 75000VC $19.99 eGift,07675038863,WZN7EL893P
Xbox NBA 2K20 35000VC $9.99 eGift,07675038864,R8OSV6N847
XBOX C2C NHL 20: 12000 POINTS,07675038878,S6ERQM4Z24
XBOX C2C NHL 20: 5850 POINTS $49.99,07675038879,1RCZKAEN16
XBOX C2C NHL 20: 2200 POINTS  $19.99,07675038880,8D2JT70K8T
XBOX C2C NHL 20: 1050 POINTS $9.99,07675038881,RJS0TITXFJ
XBOX C2C NHL 20: 500 POINTS $4.99,07675038882,VUFO2TJ9VO
XBOX C2C NHL 20: ULTIMATE EDITION $79.99,07675038883,YAJFVA8XI7
XBOX C2C NHL 20: DELUXE EDITION $69.99,07675038884,AFH5XGOD03
XBOX C2C NHL 20: STANDARD EDITION $59.99,07675038885,QBKCMVIJX6
XBOX C2C GEARS 5 STANDARD EDITION $59.99,07675038886,0C9T3AAQD1
XBOX C2C CODE VEIN STANDARD EDITION $59.99,07675038887,E3FCUNU1XX
XBOX C2C BORDERLANDS 3 STANDARD EDITION $59.99,07675038888,3Q0ROGH510
XBOX C2C BORDERLANDS 3 DELUXE EDITION $79.99,07675038889,Q4OZYZGUKA
XBOX C2C CODE VEIN DELUXE EDITION $79.99,07675038890,L05K4YVJVF
XBOX C2C GEARS 5 ULTIMATE $79.99,07675038891,3OCT547XMY
XBOX C2C CODE VEIN SEASON PASS $24.99,07675038892,MFY4RFKD6P
XBOX C2C BORDERLANDS3 SUPER DELUXE EDITION $99.99,07675038893,7UQF3OXTGL
XBOX C2C FIFA 20 ULTIMATE TEAM FIFA POINTS 1050,07675038908,AT103CS4ZN
XBOX C2C FIFA 20 ULTIMATE TEAM FIFA POINTS 12000,07675038909,6OZLY1B9F1
XBOX C2C FIFA 20 ULTIMATE TEAM FIFA POINTS 1600,07675038910,XH6AALSQWV
XBOX C2C FIFA 20 ULTIMATE TEAM FIFA POINTS 2200,07675038911,YOUY5JIVMN
XBOX C2C FIFA 20 ULTIMATE TEAM FIFA POINTS 4600,07675038912,QLYNIHWM2I
XBOX C2C FIFA 20 ULTIMATE TEAM FIFA POINTS 500,07675038913,ZW0M34VGXT
XBOX C2C FIFA 20 ULTIMATE TEAM FIFA POINTS 750,07675038914,AO95K4Y2R1
XBOX C2C FIFA 20 CHAMPION EDITION,07675038915,OPGX45G68L
XBOX C2C FIFA 20 STANDARD EDITION,07675038916,JB6D8SZYVU
XBOX C2C FIFA 20 ULTIMATE EDITION,07675038917,GNBSJ1Y1E1
DoorDash eGift,07675039017,Q34BLPBGE6
SiriusXM® eGift,07675039022,QQAFX2EGLS
Chipotle Mexican Grill eGift,07675039084,1R957E1Z83
Kroger Fred Meyer Ingredients Gift Card,07675039092,
Kroger City Market Ingredients Gift Card,07675039093,
Kroger Foods Co. Ingredients Gift Card,07675039094,
Kroger Frys Ingredients Gift Card,07675039095,
Kroger Jay C Ingredients Gift Card,07675039096,
Kroger King Soopers Ingredients Gift Card,07675039097,
Kroger Mariano's Ingredients Gift Card,07675039098,
Kroger Metro Market Ingredients Gift Card,07675039099,
Kroger Pic N Save Ingredients Gift Card,07675039100,
Kroger QFC Ingredients Gift Card,07675039101,
Kroger Ralphs Ingredients Gift Card,07675039102,
Kroger Ruler Foods Ingredients Gift Card,07675039103,
Kroger Dillion Baker Gerbes Ingredient Gift Card,07675039104,
Kroger Ownes Payless Ingredients Gift Card,07675039105,
Kroger Enterprise Ingredients Gift Card,07675039106,
Happy Birthday Gift Card,07675039303,CNMJN3K2WW
Sony PS Now 12M $59.99 eGift,07675039384,5TRJZCHF16
Sony PS Now 3M $24.99 eGift,07675039385,M82ALZ3705
Sony $100 eGift,07675039415,PTS91FW7Z7
Sony $75 eGift,07675039416,1LHAE6OFOH
Nordstrom Multibranded Gift Card,07675039483,ATDX0W3378
Nordstrom Multi Branded eGift,07675039484,E0HZRRO4WN
Happy Treats Gift Card,07675039586,4R3Y48FLVY
DAZN 1M  $19.99 eGift,07675039629,
DAZN 12M  $99.99 eGift,07675039631,
Mix It Up™ eGift,07675039661,
Mix It Up™ Gift Card,07675039664,
Happy Mother's Day Gift Card,07675039701,DHRGCXQWEZ
Happy Father's Day Gift Card,07675039702,74R6W5XULI
Happy Graduation Swap eGift,07675039703,TXORUS4CP1
Home Chef eGift,07675039735,
Roblox eGift,07675039975,0PIKXXFKLF
Apple Gift Card,07675041969,W9FRN55MN7
Net 10 Data Card 1GB 30 Day $10 eGift,07675042109,VYKW7KIDKK
GCMV AMC THEATRES ON DEMAND RTI $5-100,07675042169,D3T3MJOD2F
Cabela's eGift,07675042172,TA37PMA8TA
Apple Gift Card,07675043504,ZKO4VSN7MK
Zenni Optical Gift Card,07675043575,OF953CSMIQ
Apple Gift Card,07675044396,WG80KAZ2IW
Net 10 Data Card 10GB 60 Day $50 eGift,07675044903,92Y1RGP55R
Apple Gift Card,07675045064,MZM7XBBM0T
CuriosityStream $25 Gift Card,07675045379,67CQMVUBUV
CuriosityStream $25 eGift,07675045479,FW32Z610VS
Zenni eGift,07675046006,Y2GY39KM5X
Simple Mobile $49.99 eGift,07675046046,EEE5LEXF50
Sportsman's Warehouse,07675046619,DTD9CMZP7K
lululemon eGift,07675047331,ILX4UW7OTL
Apple Gift Card,07675047483,4CYOSYO4CC
Simple Mobile $34.99 eGift,07675048875,HX30BH8HF3
Net-10 $30 eGift,07675049179,1WE33BM23S
Net 10 Data Card 2GB 30 Day $20 eGift,07675049948,048V9NHRIS
Apple iTunes Code,88590967347,V2GC9LXA6W
iTunes Gift Card,88590991994,XF4D3294N4
